id,name,domain,coverage_spatial,tags,publisher,data_type,format,crs,res_spatial_finest_m,res_spatial_coarsest_m,res_spatial_note,res_temporal_finest,res_temporal_coarsest,coverage_start,coverage_end,temporal_type,vertical,maintained,latency,published,method,processing_level,access,access_method,license,download_url,doc_url,doi,quality_notes,comment
corine-land-cover,CORINE Land Cover (CLC),Land cover & land use,Europe,land use; land cover; copernicus; satellite,Copernicus,vector,ESRI Geodatabase; SQLite Database; GeoTIFF,,100,500,,decadal,decadal,2000,present,semi-static,land surface,no,6 years,2000,hybrid,raw,registration,download,,https://land.copernicus.eu/pan-european/corine-land-cover,https://land.copernicus.eu/user-corner/publications/clc-flyer/at_download/file,,,
caravan,Caravan – large-sample hydrology dataset,Hydrology,Global,large sample; catchment; rainfall-runoff,research team,tabular,Shapefile; CSV,,500,500,based on HydroSHEDS,daily,daily,1980,2014,dynamic,multiple,yes,irregular,2022,hybrid,final product,open,download,,https://zenodo.org/record/6578598#.YqIJeezP2Ul,https://eartharxiv.org/repository/object/3345/download/6722/,10.1038/s41597-023-01975-w,,
chirps-2,Climate Hazards Group InfraRed Precipitation with Station data (CHIRPS v2.0),Climate & atmosphere,Global,precipitation; rainfall; satellite; station data; drought,UC Santa Barbara Climate Hazards Center,raster,netCDF; GeoTIFF,EPSG:4326,5500,5500,0.05°,daily,monthly,1981,present,dynamic,atmosphere,yes,,2015,hybrid,final product,open,download,Public domain (CC0),https://data.chc.ucsb.edu/products/CHIRPS-2.0/,https://www.chc.ucsb.edu/data/chirps,10.1038/sdata.2015.66,,Quasi-global (50°S–50°N). Production of v2 ends after December 2026; successor is CHIRPS v3.
cordex,Coordinated Regional Climate Downscaling Experiment (CORDEX),Climate & atmosphere,Global,meteorological forcings; climate projections,Copernicus Climate Change Service (C3S),raster,netCDF4,lat/lon,11000,44000,0.11° - 0.44°,daily,yearly,2006,2100,dynamic,atmosphere,no,quarterly,2019,model-based,final product,open,API,Copernicus licence,https://cordex.org/data-access/how-to-access-the-data/,https://confluence.ecmwf.int/display/CKB/CORDEX%3A+Regional+climate+projections#CORDEX:Regionalclimateprojections-Listofpublishedparameters,,,"European domain has resolution of min 0.11°, global rest has 0.22°"
copernicus-dem-glo30,Copernicus DEM GLO-30 / GLO-90,Topography,Global,dem; elevation; digital surface model; tandem-x,ESA; Airbus,raster,GeoTIFF (COG),EPSG:4326,30,90,"1 arc-sec (GLO-30), 3 arc-sec (GLO-90)",static,static,,,static,land surface,no,,,observation-based,final product,open,"download (Copernicus Data Space, AWS Open Data)",Copernicus DEM licence (free),https://dataspace.copernicus.eu/explore-data/data-collections/copernicus-contributing-missions/collections-description/COP-DEM,,10.5270/ESA-c5d3d65,Digital surface model: includes buildings and vegetation.,
clms-imperviousness,Copernicus HRL Imperviousness,Land cover & land use,Europe,land cover; copernicus; satellite,Copernicus,raster,GeoTIFF,,10,100,,decadal,decadal,2006,present,semi-static,land surface,no,3 years,2006,hybrid,raw,registration,download,,https://land.copernicus.eu/pan-european/high-resolution-layers/imperviousness/status-maps,https://land.copernicus.eu/user-corner/technical-library/hrl-imperviousness-technical-document-prod-2015,,,
ufz-duerremonitor,Dürremonitor Deutschland (UFZ drought monitor),Hydrology,Germany,soil moisture; drought,UFZ,raster,netCDF,,4000,4000,4 km,monthly,monthly,1951,2020,dynamic,shallow subsurface,no,,2016,hybrid,final product,open,download,,https://www.ufz.de/index.php?de=37937,https://www.ufz.de/export/data/2/248360_111650_D%C3%BCrremonitor_Marx_etal_TdH_2016.pdf,,,"for non-commercial scientific and editorial purposes, cite UFZ-Dürremonitor/ Helmholtz-Zentrum für Umweltforschung"
e-obs,E-OBS daily gridded observations for Europe,Climate & atmosphere,Europe,meteorological forcings; temperature; precipitation; station data,Copernicus Climate Change Service (C3S); ECA&D,raster,netCDF,EPSG:4326,11000,28000,"0.1°, 0.25°",daily,daily,1950,present,dynamic,atmosphere,yes,,,observation-based,final product,open,download,ECA&D data policy (non-commercial research and education only),https://surfobs.climate.copernicus.eu/dataaccess/access_eobs.php,,10.1029/2017JD028200,"Quality depends on the station density, which varies strongly between countries.",Wind speed starts in 1980.
era5,ERA5 hourly data on single levels,Climate & atmosphere,Global,reanalysis; meteorological forcings; climate; precipitation; evaporation,Copernicus Climate Change Service (C3S),raster,netCDF; GRIB,EPSG:4326,28000,28000,0.25°,hourly,monthly,1940,present,dynamic,atmosphere,yes,,2018,model-based,final product,registration,API (CDS account),Copernicus licence,https://cds.climate.copernicus.eu/datasets/reanalysis-era5-single-levels,,10.24381/cds.adbb2d47,,For land variables at ~9 km see ERA5-Land.
era5-land,ERA5-Land hourly reanalysis,Climate & atmosphere,Global,meteorological forcings; weather; climate; land cover,Copernicus Climate Change Service (C3S),raster,netCDF4,lat/lon,9000,9000,~0.08°,hourly,hourly,1950,present,dynamic,atmosphere,no,3 months,2019,hybrid,final product,open,API,Copernicus licence,https://confluence.ecmwf.int/display/CKB/How+to+download+ERA5,https://confluence.ecmwf.int/display/CKB/ERA5-Land%3A+data+documentation,10.5194/essd-13-4349-2021,,also available as GRIB files
esa-cci-soil-moisture,ESA CCI Soil Moisture,Soil,Global,soil moisture; satellite; microwave; drought,European Space Agency (ESA),raster,netCDF,EPSG:4326,28000,28000,0.25°,daily,daily,1978,present,dynamic,shallow subsurface,yes,,,observation-based,final product,open,download,CC BY 4.0,https://climate.esa.int/en/projects/soil-moisture/,,,"Surface layer only (a few cm); gaps under dense vegetation, snow and frozen soil.",
esa-worldcover,ESA WorldCover,Land cover & land use,Global,land cover; sentinel-1; sentinel-2; satellite,European Space Agency (ESA),raster,GeoTIFF,EPSG:4326,10,10,,yearly,yearly,2020,2021,semi-static,land surface,no,,,observation-based,final product,open,download,CC BY 4.0,https://esa-worldcover.org/en,,10.5281/zenodo.7254221,The 2020 and 2021 maps use different algorithm versions; differences are not only real change.,
earthenv-topography,"EarthEnv Global 1, 5, 10, 100-km Topography",Topography,Global,topography; landforms; remote sensing; elevation model,Scientific Data,raster,GeoTIFF,4326 (EPSG),1000,100000,,static,static,,,static,land surface,no,,2018,observation-based,final product,open,download,CC BY,http://www.earthenv.org/topography,https://www.nature.com/articles/sdata201840.pdf,10.1038/sdata.2018.40,,
ghs-pop,GHS-POP – Global Human Settlement population grid,Human & socio-economic,Global,population; settlements; human pressure,EC Joint Research Centre,raster,GeoTIFF,Mollweide; EPSG:4326,100,1000,"100 m, 1 km (Mollweide); 3, 30 arc-sec",decadal,decadal,1975,2030,semi-static,land surface,yes,,,model-based,final product,open,download,CC BY 4.0,https://human-settlement.emergency.copernicus.eu/download.php?ds=pop,,,,"5-year epochs, including projections up to 2030."
gldas-noah-2-1,GLDAS Noah Land Surface Model L4 3-hourly 0.25° v2.1,Hydrology,Global,land surface model; soil moisture; evapotranspiration; runoff; snow,NASA GES DISC,raster,netCDF4,EPSG:4326,28000,28000,0.25°,daily,daily,2000,present,dynamic,multiple,yes,,,model-based,final product,registration,download (NASA Earthdata login),,https://disc.gsfc.nasa.gov/datasets/GLDAS_NOAH025_3H_2.1/summary,,10.5067/E7TYRXPJKWOQ,,3-hourly time steps.
glhymps-2,GLobal HYdrogeology MaPS 2.0 (GLHYMPS 2.0),Hydrogeology,Global,permeability; porosity; aquifer properties; hydrogeology,University of Victoria (Borealis),vector,Shapefile,,,,vector polygons,static,static,,,static,subsurface,no,,2018,hybrid,final product,open,download,CC BY 4.0,https://borealisdata.ca/dataset.xhtml?persistentId=doi:10.5683/SP2/TTJNIU,,10.5683/SP2/TTJNIU,,"Two-layer model: unconsolidated sediments on top of consolidated rock, each with permeability and porosity."
guek250,"Geological Map of Germany 1:250,000 (GÜK250)",Geology,Germany,geology; lithology; stratigraphy,BGR,vector,,,,,"1:250,000",static,static,,,static,subsurface,no,,,observation-based,final product,open,download; WMS,GeoNutzV (terms of use for federal geodata),https://geoportal.bgr.de,https://gdk.gdi-de.org/geonetwork/srv/api/records/0f2e1b5b-fc02-4491-a12b-2178473f5c84,,,Seamless digital successor of the GÜK200; surface geology with harmonised legends.
pelletier-regolith,"Global 1-km Gridded Thickness of Soil, Regolith, and Sedimentary Deposit Layers",Geology,Global,depth to bedrock; regolith; soil thickness; sediment thickness; aquifer thickness,ORNL DAAC,raster,GeoTIFF,EPSG:4326,1000,1000,30 arc-sec,static,static,,,static,subsurface,no,,2016,model-based,final product,registration,download (NASA Earthdata login),EOSDIS data use policy (no restrictions),https://doi.org/10.3334/ORNLDAAC/1304,,10.3334/ORNLDAAC/1304,,"Covers 90°N–60°S. Thickness of the permeable layers above bedrock, modelled by landform type."
global-aridity-pet-3,Global Aridity Index and Potential Evapotranspiration Database v3,Climate & atmosphere,Global,aridity; potential evapotranspiration; climate,CGIAR-CSI (figshare),raster,GeoTIFF,EPSG:4326,1000,1000,30 arc-sec,monthly,yearly,1970,2000,aggregated-dynamic,land surface,no,,2022,model-based,final product,open,download,CC BY 4.0,https://doi.org/10.6084/m9.figshare.7504448,,10.1038/s41597-022-01493-1,,"Based on WorldClim 2.1 climatology; values are stored scaled, see the readme."
igrac-ggis,Global Groundwater Information System (GGIS),Hydrogeology,Global,groundwater; hydrogeology; subsurface,IGRAC,vector,Shapefile,Native or WGS84,,,,static,static,,,static,subsurface,yes,,,observation-based,final product,open,download,IGRAC terms of use,https://ggis.un-igrac.org/,https://www.un-igrac.org/sites/default/files/resources/files/GGIS%20Brochure%20WEB.pdf,,,
glwd-1,Global Lakes and Wetlands Database – Large Lake Polygons (GLWD level 1),Hydrology,Global,lakes; wetlands,WWF,vector,Shapefile,,7000,7000,1:1 million,static,static,,,static,shallow subsurface,no,,2004,hybrid,final product,open,download,,https://www.worldwildlife.org/publications/global-lakes-and-wetlands-database-large-lake-polygons-level-1,,,,"for non-commercial scientific, conservation and educational purposes"
glc-share,Global Land Cover-SHARE (GLC-SHARE),Land cover & land use,Global,land use; land cover; fao; global,,raster,GeoTIFF,,1000,1000,30 arc-sec,static,static,,,semi-static,land surface,yes,,2014,model-based,final product,open,download,,https://data.apps.fao.org/map/catalog/srv/eng/catalog.search#/metadata/ba4526fd-cdbf-4028-a1bd-5a559c4bff38,https://www.fao.org/uploads/media/glc-share-doc.pdf,,,
glim,Global Lithological Map (GLiM) – 0.5° grid,Geology,Global,lithology; geology,PANGAEA,raster,,,55000,55000,0.5°,static,static,,,static,subsurface,no,,2012,observation-based,final product,open,download,CC BY 3.0,https://doi.pangaea.de/10.1594/PANGAEA.788537,,10.1594/PANGAEA.788537,,Gridded version of the GLiM vector map (Hartmann & Moosdorf 2012); the full-resolution polygon version is distributed by Universität Hamburg.
gmia,Global Map of Irrigation Areas v5.0 (GMIA),Agriculture & water use,Global,land use; land cover; fao; global; irrigation,Wiley-Blackwell Ltd.,raster,ASCII grids,,10000,10000,5 arc-min,static,static,,,static,shallow subsurface,yes,,2000,model-based,final product,open,download,,https://www.fao.org/aquastat/en/geospatial-information/global-maps-irrigated-areas/latest-version/,https://www.fao.org/3/i9267en/I9267EN.pdf,,,
grdc,Global Runoff Database (GRDC),Hydrology,Global,river; runoff; hydrology; flood,Global Runoff Data Centre,point,ASCII text,,,,,daily,monthly,1931,present,dynamic,land surface,no,,2011,observation-based,final product,on request,request form,GRDC data policy,https://portal.grdc.bafg.de/applications/public.html?publicuser=PublicUser#dataDownload/Stations,https://www.eea.europa.eu/data-and-maps/data/external/global-runoff-database,,,No bulk download available
gsim,Global Streamflow Indices and Metadata Archive (GSIM),Hydrology,Global,streamflow; discharge; river; streamflow indices,PANGAEA,point,ASCII text,,,,,monthly,yearly,,,aggregated-dynamic,land surface,unknown,,2018,observation-based,final product,open,download,CC BY 4.0,https://doi.pangaea.de/10.1594/PANGAEA.887477,https://essd.copernicus.org/articles/10/765/2018/essd-10-765-2018.pdf,10.5194/essd-10-765-2018,,
pesticide-risk,Global pesticide pollution risk,Water quality & pollution,Global,agriculture; pesticides; pollution; risk; health,nature,raster,GeoTIFF,standard WGS84,10000,10000,5 arc-min (10km at the equator),yearly,yearly,,,static,shallow subsurface,no,,2022,hybrid,final product,open,download,CC BY 4.0,https://figshare.com/articles/dataset/Global_pesticide_pollution_risk_data_sets/10302218,https://www.nature.com/articles/s41561-021-00712-5,10.1038/s41561-021-00712-5,,"This data set is licenced by CC BY 4.0. Datacanbe freely downloaded for research, study, or teaching, but must be cited appropriately."
hyras-de,HYRAS-DE gridded climate data for Germany (DWD),Climate & atmosphere,Germany,meteorological forcings; precipitation; temperature; humidity; radiation,Deutscher Wetterdienst (DWD),raster,netCDF,EPSG:3035,1000,1000,,daily,yearly,1931,present,dynamic,atmosphere,yes,,,observation-based,final product,open,download,CC BY 4.0,https://opendata.dwd.de/climate_environment/CDC/grids_germany/daily/hyras_de/,,,,Precipitation from 1931; check the product descriptions for the start of the other variables. Also available as monthly and multi-annual grids.
hydroatlas,HydroATLAS,Hydrology,Global,catchment; river network; hydro-environmental attributes; hydrosheds,WWF; McGill University,vector,Shapefile; ESRI Geodatabase,EPSG:4326,500,500,15 arc-sec (HydroSHEDS),static,static,,,static,multiple,unknown,,2019,hybrid,final product,open,download,CC BY 4.0,https://www.hydrosheds.org/hydroatlas,https://data.hydrosheds.org/file/technical-documentation/HydroATLAS_TechDoc_v10.pdf,10.1038/s41597-019-0300-6,,
hydrolakes,HydroLAKES,Hydrology,Global,lakes; reservoirs; lake volume; residence time; hydrosheds,WWF,vector,Shapefile; ESRI Geodatabase,EPSG:4326,,,lakes ≥ 10 ha,static,static,,,static,land surface,no,,2016,hybrid,final product,open,download,CC BY 4.0,https://www.hydrosheds.org/products/hydrolakes,,10.1038/ncomms13603,,About 1.4 million lakes and reservoirs.
hydrorivers,HydroRIVERS,Hydrology,Global,river network; discharge; stream order; hydrosheds,WWF,vector,Shapefile; ESRI Geodatabase,EPSG:4326,450,450,15 arc-sec (HydroSHEDS),static,static,,,static,land surface,no,,2013,model-based,final product,open,download,"HydroSHEDS license (free for scientific, educational and commercial use)",https://www.hydrosheds.org/products/hydrorivers,,10.1002/hyp.9740,,Each river reach is linked to its HydroBASINS sub-basin.
hydrosheds,HydroSHEDS v1 (core layers),Hydrology,Global,dem; flow direction; flow accumulation; drainage network; hydrosheds,WWF,raster,,EPSG:4326,90,11000,"3, 15, 30 arc-sec; 5, 6 arc-min",static,static,,,static,land surface,no,,2008,hybrid,final product,open,download,"HydroSHEDS license (free for scientific, educational and commercial use)",https://www.hydrosheds.org/products/hydrosheds,,10.1029/2008EO100001,3 arc-sec version not available north of 60°N.,Derived mainly from SRTM elevation data.
huek250,"Hydrogeological Map of Germany 1:250,000 (HÜK250)",Hydrogeology,Germany,aquifers; permeability; hydrogeology,BGR; state geological surveys,vector,,,,,"1:250,000",static,static,,,static,subsurface,no,,2019,observation-based,final product,open,download; WMS,GeoNutzV (terms of use for federal geodata),https://geoportal.bgr.de,https://gdk.gdi-de.org/geonetwork/srv/api/records/61ac4628-6b62-48c6-89b8-46270819f0d6,,,Describes the upper continuous aquifers; digital successor of the HÜK200.
ihme1500,"International Hydrogeological Map of Europe 1:1,500,000 (IHME1500)",Hydrogeology,Europe,aquifers; aquifer productivity; lithology; hydrogeology,BGR; UNESCO,vector,,,,,"1:1,500,000",static,static,,,static,subsurface,no,,,observation-based,final product,open,download; WMS,GeoNutzV (terms of use for federal geodata),https://geoportal.bgr.de,https://gdk.gdi-de.org/geonetwork/srv/api/records/6B89AEB4-D78A-46E1-AAF8-3E2E4746AD2B,,,Digitised from 25 published and 5 unpublished map sheets; covers Europe and parts of the Near East.
grace-mascon-jpl,JPL GRACE/GRACE-FO Mascon RL06.3 v04,Hydrology,Global,terrestrial water storage; groundwater storage; grace; satellite gravimetry,NASA JPL (PO.DAAC),raster,netCDF,EPSG:4326,55000,55000,0.5° grid of 3° equal-area mascons,monthly,monthly,2002,present,dynamic,multiple,yes,,,observation-based,final product,registration,download (NASA Earthdata login),,https://podaac.jpl.nasa.gov/dataset/TELLUS_GRAC-GRFO_MASCON_GRID_RL06.3_V4,,10.1002/2014JB011547,Effective resolution ~300 km; gap between GRACE and GRACE-FO (2017–2018). Use the CRI-filtered variant near coastlines.,"Groundwater storage changes require subtracting soil moisture, snow and surface water (e.g. from GLDAS)."
jrc-global-surface-water,JRC Global Surface Water,Hydrology,Global,surface water; water occurrence; landsat; satellite,EC Joint Research Centre,raster,GeoTIFF,EPSG:4326,30,30,,monthly,yearly,1984,2024,dynamic,land surface,yes,,2016,observation-based,final product,open,download; Google Earth Engine; WMS,"Copernicus (free, attribution required)",https://global-surface-water.appspot.com/download,,10.1038/nature20584,Updates after the 2016 release (1984–2015) were not validated in the same way and may contain artefacts.,Attribution for maps: 'Source: EC JRC/Google'.
jrc-lai-europe,Leaf Area Index Europe (JRC),Vegetation & ecology,Europe,land cover; satellite,Joint Research Centre Data,raster,AIG,,1000,1000,,monthly,monthly,2018,2018,static,land surface,no,,2015,model-based,preprocessing needed,open,download,,https://data.jrc.ec.europa.eu/dataset/jrc-mappe-europe-setup-d-18-lai#details,,,,"Depending on the use, the data might be transform into a GeoTiff file"
merit-hydro,MERIT Hydro,Hydrology,Global,flow direction; upstream area; height above nearest drainage; river width; dem,University of Tokyo,raster,GeoTIFF,EPSG:4326,90,90,3 arc-sec,static,static,,,static,land surface,no,,2019,hybrid,final product,registration,download (registration form),CC BY-NC 4.0 or ODbL 1.0,https://global-hydrodynamics.github.io/MERIT_Hydro/,,10.1029/2019WR024873,,Based on the MERIT DEM; 5° × 5° tiles.
mod16a2,MODIS/Terra Net Evapotranspiration 8-Day 500 m (MOD16A2 v061),Hydrology,Global,evapotranspiration; latent heat; modis; satellite,NASA LP DAAC,raster,HDF-EOS,MODIS sinusoidal,500,500,,monthly,monthly,,present,dynamic,land surface,yes,,,hybrid,final product,registration,download (NASA Earthdata login),,https://www.earthdata.nasa.gov/data/catalog/lpcloud-mod16a2-061,,10.5067/MODIS/MOD16A2.061,,8-day composites.
mod13q1,MODIS/Terra Vegetation Indices 16-Day 250 m (MOD13Q1 v061),Vegetation & ecology,Global,ndvi; evi; vegetation; modis; satellite,NASA LP DAAC,raster,HDF-EOS,MODIS sinusoidal,250,250,,monthly,monthly,2000,present,dynamic,land surface,yes,,,observation-based,final product,registration,download (NASA Earthdata login),,https://www.earthdata.nasa.gov/data/catalog/lpcloud-mod13q1-061,,10.5067/MODIS/MOD13Q1.061,,16-day composites.
gwn1000,"Mean Annual Groundwater Recharge of Germany 1:1,000,000 (GWN1000)",Hydrogeology,Germany,groundwater recharge; water balance; hydrogeology,BGR,raster,,,1000,1000,,yearly,yearly,1961,1990,aggregated-dynamic,subsurface,no,,2019,model-based,final product,open,download,GeoNutzV (terms of use for federal geodata),https://geoportal.bgr.de,https://gdk.gdi-de.org/geonetwork/srv/api/records/91DB02B4-48A2-4BE3-81E8-99F400108491,,,Long-term mean for 1961–1990.
eu-mohp,Multiorder Hydrologic Position for Europe (EU-MOHP),Hydrogeology,Europe,groundwater; subsurface; hydrology; hydrogeology,BGR,raster,GeoTIFF,3035 (EPSG),30,30,,static,static,,,static,subsurface,yes,,2022,model-based,preprocessing needed,open,download,CC BY,https://doi.org/10.4211/hs.0d6999591fb048cab5ab71fcb690eadb,https://github.com/MxNl/macro_mohp_feature,10.4211/hs.0d6999591fb048cab5ab71fcb690eadb,uncertainty increases towards non-coastal edges of the dataset,
openstreetmap,OpenStreetMap (OSM),Land cover & land use,Global,water bodies; land use; roads; paths; infrastructure; natural features; buildings; waterways; satellite,OSM,vector,Shapefile,,1,1000,,hourly,hourly,2016,present,dynamic,land surface,no,1 day,2022,observation-based,raw,open,download,,https://download.geofabrik.de/europe.html,https://download.geofabrik.de/osm-data-in-gis-formats-free.pdf,,,The data can be used raw but sometimes some geometries should be fixed.
buek250,"Soil Map of Germany 1:250,000 (BÜK250)",Soil,Germany,soil map; soil types; soil properties,BGR; state geological surveys,vector,,,,,"1:250,000",static,static,,,static,shallow subsurface,no,,,observation-based,final product,open,download,GeoNutzV (terms of use for federal geodata),https://geoportal.bgr.de,https://gdk.gdi-de.org/geonetwork/srv/api/records/d443a2ac-8eb5-49f7-ad80-bdfa05a96b47,,,"Nationwide geometry derived from the 55 sheets of the BÜK200, with an attribute database (v1.0, 2024)."
soilgrids,SoilGrids 2.0,Soil,Global,soil properties,ISRIC,raster,GeoTIFF,"WGS84 (EPSG: 4326, 54009, 54012)",250,250,,static,static,,,semi-static,shallow subsurface,yes,,2017,model-based,final product,open,download,CC BY 4.0,https://www.isric.org/explore/soilgrids/faq-soilgrids#How_can_I_access_SoilGrids,https://soil.copernicus.org/articles/7/217/2021/soil-7-217-2021.pdf,10.5194/soil-7-217-2021,,"available as WMS, WCS and Google Earth Engine"
terraclimate,TerraClimate,Climate & atmosphere,Global,climate; water balance; evapotranspiration; runoff; soil moisture; drought,Climatology Lab (University of California Merced),raster,netCDF,EPSG:4326,4600,4600,1/24°,monthly,monthly,1950,present,dynamic,multiple,yes,,2018,hybrid,final product,open,download,,https://www.climatologylab.org/terraclimate.html,,10.1038/sdata.2017.191,Water balance spin-up: the provider advises against using the first year.,
whymap-gwr,WHYMAP – Groundwater Resources of the World,Hydrogeology,Global,groundwater resources; aquifers; groundwater recharge; hydrogeology,BGR; UNESCO,vector,,,,,1:25 million,static,static,,,static,subsurface,no,,,hybrid,final product,open,download; WMS,,https://www.whymap.org,,,"Small-scale overview map, not suitable for local studies.",
worldclim-2,WorldClim 2.1 climate normals,Climate & atmosphere,Global,climate normals; temperature; precipitation; bioclimatic variables,WorldClim,raster,GeoTIFF,EPSG:4326,1000,18500,30 arc-sec – 10 arc-min,monthly,monthly,1970,2000,aggregated-dynamic,atmosphere,no,,2017,hybrid,final product,open,download,,https://www.worldclim.org/data/worldclim21.html,,10.1002/joc.5086,,"Long-term monthly averages (climatology), not a time series."
