dataset_id,parameter,unit,tags,res_temporal_finest,res_temporal_coarsest,vertical,coverage_start,coverage_end,temporal_type,latency,comment
buek250,soil mapping units,categorical,,,,,,,,,
caravan,"precipitation, temperature, river discharge",,,,,,,,,,
chirps-2,precipitation,mm,,,,,,,,,
clms-imperviousness,imperviousness index,%,,,,,,,,,
copernicus-dem-glo30,elevation (surface model),m,,,,,,,,,
cordex,10m Wind Speed,m/s,,,,,,,,,
cordex,10m u-component of wind,m/s,,,,,,,,,
cordex,10m v-component of wind,m/s,,,,,,,,,
cordex,200hPa temperature,K,,,,,,,,,
cordex,200hPa u-component of the wind,m/s,,,,,,,,,
cordex,200hPa v-component of the wind,m/s,,,,,,,,,
cordex,2m surface relative humidity,%,,,,,,,,,
cordex,2m surface specific humidity,,,,,,,,,,
cordex,2m temperature,K,,,,,,,,,
cordex,500hPa geopotential,m,,,,,,,,,
cordex,850hPa U-component of the wind,m/s,,,,,,,,,
cordex,850hPa V-component of the wind,m/s,,,,,,,,,
cordex,Land area fraction,%,,,,,,,,,
cordex,Maximum 2m temperature in the last 24 hours,K,,,,,,,,,
cordex,Mean evaporation flux,kg/(m²·s),,,,,,,,,
cordex,Mean precipitation flux,kg/(m²·s),,,,,,,,,
cordex,Mean sea level pressure,Pa,,,,,,,,,
cordex,Minimum 2m temperature in the last 24 hours,K,,,,,,,,,
cordex,Orography,m,,,,,,,,,
cordex,Surface pressure,Pa,,,,,,,,,
cordex,Surface solar radiation downwards,W/s²,,,,,,,,,
cordex,Surface thermal radiation downward,W/s²,,,,,,,,,
cordex,Surface upwelling shortwave radiation,W/s²,,,,,,,,,
cordex,Total cloud cover,,,,,,,,,,
cordex,Total run-off flux,kg/(m²·s),,,,,,,,,
corine-land-cover,land cover,categorical,,,,,,,,,
e-obs,global radiation,W/m²,,,,,,,,,
e-obs,maximum temperature,°C,,,,,,,,,
e-obs,mean temperature,°C,,,,,,,,,
e-obs,mean wind speed,m/s,,,,,,,,,
e-obs,minimum temperature,°C,,,,,,,,,
e-obs,precipitation sum,mm,,,,,,,,,
e-obs,relative humidity,%,,,,,,,,,
e-obs,sea level pressure,hPa,,,,,,,,,
earthenv-topography,Aspect Cosine,,,,,,,,,,
earthenv-topography,Aspect Sine,,,,,,,,,,
earthenv-topography,Eastness,,,,,,,,,,
earthenv-topography,Elevation maximum,m,,,,,,,,,
earthenv-topography,Elevation mean,m,,,,,,,,,
earthenv-topography,Elevation median,m,,,,,,,,,
earthenv-topography,Elevation minimum,m,,,,,,,,,
earthenv-topography,Elevation standard deviation,m,,,,,,,,,
earthenv-topography,First order partial derivative (E-W slope),rad/m,,,,,,,,,
earthenv-topography,First order partial derivative (N-S slope),rad/m,,,,,,,,,
earthenv-topography,Northness,,,,,,,,,,
earthenv-topography,Profile curvature,rad/m,,,,,,,,,
earthenv-topography,Roughness,,,,,,,,,,
earthenv-topography,Second order partial derivative (E-W slope),rad/m,,,,,,,,,
earthenv-topography,Second order partial derivative (N-S slope),rad/m,,,,,,,,,
earthenv-topography,Slope,,,,,,,,,,
earthenv-topography,Tangential curvature,rad/m,,,,,,,,,
earthenv-topography,Terrain Ruggedness Index,,,,,,,,,,
earthenv-topography,Topographic Position Index,,,,,,,,,,
earthenv-topography,Vector Ruggedness Measure,0–1,,,,,,,,,
earthenv-topography,count of geomorphological landforms,,,,,,,,,,
earthenv-topography,entropy of geomorphological landforms,,,,,,,,,,
earthenv-topography,majority of geomorphological landforms,,,,,,,,,,
earthenv-topography,percentage of geomorphological landforms,%,,,,,,,,,
earthenv-topography,shannon index of geomorphological landforms,,,,,,,,,,
earthenv-topography,uniformity of geomorphological landforms,,,,,,,,,,
era5,10m u-component of wind,m/s,,,,,,,,,
era5,10m v-component of wind,m/s,,,,,,,,,
era5,2m temperature,K,,,,,,,,,
era5,evaporation,m water equivalent,,,,,,,,,
era5,potential evaporation,m,,,,,,,,,
era5,runoff,m,,,,,,,,,
era5,snow depth,m water equivalent,,,,,,,,,
era5,surface pressure,Pa,,,,,,,,,
era5,surface solar radiation downwards,J/m²,,,,,,,,,
era5,total precipitation,m,,,,,,,,,
era5-land,10 metre U wind component,m/s,,,,,,,,,
era5-land,10 metre V wind component,m/s,,,,,,,,,
era5-land,2 metre dewpoint temperature,K,,,,,,,,,
era5-land,2 metre temperature,K,,,,,,,,,
era5-land,Evaporation from bare soil,m water equivalent,,,,,,,,,
era5-land,Evaporation from open water surfaces excluding oceans,m water equivalent,,,,,,,,,
era5-land,Evaporation from the top of canopy,m water equivalent,,,,,,,,,
era5-land,Evaporation from vegetation transpiration,m water equivalent,,,,,,,,,
era5-land,Forecast albedo,0–1,,,,,,,,,
era5-land,Geopotential,m²/s²,,static,static,,none,none,static,none,
era5-land,High vegetation cover,0–1,,static,static,,none,none,static,none,
era5-land,Lake bottom temperature,K,,,,shallow subsurface,,,,,
era5-land,Lake cover,0–1,,static,static,,none,none,static,none,
era5-land,Lake ice depth,m,,,,shallow subsurface,,,,,
era5-land,Lake ice temperature,K,,,,,,,,,
era5-land,Lake mix-layer depth,m,,,,shallow subsurface,,,,,
era5-land,Lake mix-layer temperature,K,,static,static,shallow subsurface,none,none,,,
era5-land,Lake shape factor,,,,,,,,,,
era5-land,Lake total layer temperature,K,,,,shallow subsurface,,,,,
era5-land,Land-sea mask,0–1,,static,static,,none,none,static,none,
era5-land,"Leaf area index, high vegetation",m²/m²,,,,,,,,,
era5-land,"Leaf area index, low vegetation",m²/m²,,,,,,,,,
era5-land,Low vegetation cover,0–1,,static,static,,none,none,static,none,
era5-land,Potential evaporation,m,,,,,,,,,
era5-land,Runoff,m,,,,,,,,,
era5-land,Skin reservoir content,m water equivalent,,,,,,,,,
era5-land,Skin temperature,K,,,,,,,,,
era5-land,Snow albedo,0–1,,,,,,,,,
era5-land,Snow cover,%,,,,,,,,,
era5-land,Snow density,kg/m³,,,,,,,,,
era5-land,Snow depth,m,,,,,,,,,
era5-land,Snow depth water equivalent,m water equivalent,,,,,,,,,
era5-land,Snowfall,m water equivalent,,,,,,,,,
era5-land,Snowmelt,m water equivalent,,,,,,,,,
era5-land,Soil temperature level 1,K,,,,shallow subsurface,,,,,
era5-land,Soil temperature level 2,K,,,,shallow subsurface,,,,,
era5-land,Soil temperature level 3,K,,,,shallow subsurface,,,,,
era5-land,Soil temperature level 4,K,,,,shallow subsurface,,,,,
era5-land,Soil type,categorical,,static,static,shallow subsurface,none,none,static,none,
era5-land,Sub-surface runoff,m,,,,,,,,,
era5-land,Surface latent heat flux,J/m²,,,,,,,,,
era5-land,Surface net solar radiation,J/m²,,,,,,,,,
era5-land,Surface net thermal radiation,J/m²,,,,,,,,,
era5-land,Surface pressure,Pa,,,,,,,,,
era5-land,Surface roughness,m,,static,static,,none,none,static,none,
era5-land,Surface runoff,m,,,,,,,,,
era5-land,Surface sensible heat flux,J/m²,,,,,,,,,
era5-land,Surface solar radiation downwards,J/m²,,,,,,,,,
era5-land,Surface thermal radiation downwards,J/m²,,,,,,,,,
era5-land,Temperature of snow layer,K,,,,,,,,,
era5-land,Total Evaporation,m water equivalent,,,,,,,,,
era5-land,Total precipitation,m,,,,,,,,,
era5-land,Type of high vegetation,categorical,,static,static,,none,none,static,none,
era5-land,Type of low vegetation,categorical,,static,static,,none,none,static,none,
era5-land,Volumetric soil water layer 1,m³/m³,,,,shallow subsurface,,,,,
era5-land,Volumetric soil water layer 2,m³/m³,,,,shallow subsurface,,,,,
era5-land,Volumetric soil water layer 3,m³/m³,,,,shallow subsurface,,,,,
era5-land,Volumetric soil water layer 4,m³/m³,,,,shallow subsurface,,,,,
esa-cci-soil-moisture,volumetric surface soil moisture,m³/m³,,,,,,,,,
esa-worldcover,land cover class,categorical,,,,,,,,,
eu-mohp,Divide to stream distance (hydrologic order 1),m,,,,,,,,,
eu-mohp,Divide to stream distance (hydrologic order 2),m,,,,,,,,,
eu-mohp,Divide to stream distance (hydrologic order 3),m,,,,,,,,,
eu-mohp,Divide to stream distance (hydrologic order 4),m,,,,,,,,,
eu-mohp,Divide to stream distance (hydrologic order 5),m,,,,,,,,,
eu-mohp,Divide to stream distance (hydrologic order 6),m,,,,,,,,,
eu-mohp,Divide to stream distance (hydrologic order 7),m,,,,,,,,,
eu-mohp,Divide to stream distance (hydrologic order 8),m,,,,,,,,,
eu-mohp,Divide to stream distance (hydrologic order 9),m,,,,,,,,,
eu-mohp,Lateral position (hydrologic order 1),,,,,,,,,,
eu-mohp,Lateral position (hydrologic order 2),,,,,,,,,,
eu-mohp,Lateral position (hydrologic order 3),,,,,,,,,,
eu-mohp,Lateral position (hydrologic order 4),,,,,,,,,,
eu-mohp,Lateral position (hydrologic order 5),,,,,,,,,,
eu-mohp,Lateral position (hydrologic order 6),,,,,,,,,,
eu-mohp,Lateral position (hydrologic order 7),,,,,,,,,,
eu-mohp,Lateral position (hydrologic order 8),,,,,,,,,,
eu-mohp,Lateral position (hydrologic order 9),,,,,,,,,,
eu-mohp,Stream distance (hydrologic order 1),m,,,,,,,,,
eu-mohp,Stream distance (hydrologic order 2),m,,,,,,,,,
eu-mohp,Stream distance (hydrologic order 3),m,,,,,,,,,
eu-mohp,Stream distance (hydrologic order 4),m,,,,,,,,,
eu-mohp,Stream distance (hydrologic order 5),m,,,,,,,,,
eu-mohp,Stream distance (hydrologic order 6),m,,,,,,,,,
eu-mohp,Stream distance (hydrologic order 7),m,,,,,,,,,
eu-mohp,Stream distance (hydrologic order 8),m,,,,,,,,,
eu-mohp,Stream distance (hydrologic order 9),m,,,,,,,,,
ghs-pop,population count,persons,,,,,,,,,
glc-share,"Fraction of Herbaceous vegetation, aquatic or regularly flooded",%,,,,,,,,,
glc-share,Fraction of artificial surfaces,%,,,,,,,,,
glc-share,Fraction of baresoil,%,,,,,,,,,
glc-share,Fraction of cropland,%,,,,,,,,,
glc-share,Fraction of grassland,%,,,,,,,,,
glc-share,Fraction of mangroves,%,,,,,,,,,
glc-share,Fraction of shrubs covered areas,%,,,,,,,,,
glc-share,Fraction of snow and glaciers,%,,,,,,,,,
glc-share,Fraction of sparse vegetation,%,,,,,,,,,
glc-share,Fraction of tree covered areas,%,,,,,,,,,
glc-share,Fraction of water bodies,%,,,,,,,,,
gldas-noah-2-1,baseflow-groundwater runoff,kg/m²,,,,,,,,,
gldas-noah-2-1,evapotranspiration,kg/(m²·s),,,,,,,,,
gldas-noah-2-1,snow water equivalent,kg/m²,,,,,,,,,
gldas-noah-2-1,soil moisture 0–10 cm,kg/m²,,,,,,,,,
gldas-noah-2-1,soil moisture 100–200 cm,kg/m²,,,,,,,,,
gldas-noah-2-1,soil moisture 10–40 cm,kg/m²,,,,,,,,,
gldas-noah-2-1,soil moisture 40–100 cm,kg/m²,,,,,,,,,
gldas-noah-2-1,surface runoff,kg/m²,,,,,,,,,
glhymps-2,permeability,log10(m²),,,,,,,,,
glhymps-2,porosity,0–1,,,,,,,,,
glim,lithology,categorical,,,,,,,,,
global-aridity-pet-3,aridity index,-,,,,,,,,,
global-aridity-pet-3,potential evapotranspiration,mm,,,,,,,,,
glwd-1,water bodies,categorical,,,,,,,,,
gmia,Area equipped for irrigation,%,,,,,,,,,
gmia,Source of irrigation water,%,,,,,,,,,
gmia,actual irrigated area,%,,,,,,,,,
grace-mascon-jpl,terrestrial water storage anomaly (liquid water equivalent thickness),cm,,,,,,,,,
grdc,run-off,m/s,,,,,,,,,
gsim,Global Streamflow Indices and Metadata Archive (GSIM),,,,,,,,,,
guek250,chronostratigraphy,categorical,,,,,,,,,
guek250,petrogenesis,categorical,,,,,,,,,
guek250,petrography,categorical,,,,,,,,,
gwn1000,mean annual groundwater recharge,mm/a,,,,,,,,,
huek250,"aquifer type (porous, fractured, karst)",categorical,,,,,,,,,
huek250,consolidation,categorical,,,,,,,,,
huek250,geochemical rock type,categorical,,,,,,,,,
huek250,permeability class,categorical,,,,,,,,,
hydroatlas,HydroATLAS,,,,,,,,,,
hydrolakes,average discharge,m³/s,,,,,,,,,
hydrolakes,average lake depth,m,,,,,,,,,
hydrolakes,lake and reservoir polygons,-,,,,,,,,,
hydrolakes,residence time,days,,,,,,,,,
hydrolakes,total lake volume,million m³,,,,,,,,,
hydrorivers,Strahler stream order,ordinal,,,,,,,,,
hydrorivers,long-term average discharge,m³/s,,,,,,,,,
hydrorivers,river network (reach lines),-,,,,,,,,,
hydrosheds,elevation (void-filled),m,,,,,,,,,
hydrosheds,flow accumulation,number of cells,,,,,,,,,
hydrosheds,flow direction,categorical,,,,,,,,,
hydrosheds,flow length,m,,,,,,,,,
hydrosheds,hydrologically conditioned elevation,m,,,,,,,,,
hydrosheds,land mask,categorical,,,,,,,,,
hyras-de,global radiation,W/m²,,,,,,,,,
hyras-de,maximum air temperature,°C,,,,,,,,,
hyras-de,mean air temperature,°C,,,,,,,,,
hyras-de,minimum air temperature,°C,,,,,,,,,
hyras-de,precipitation,mm,,,,,,,,,
hyras-de,relative humidity,%,,,,,,,,,
igrac-ggis,Groundwater bodies,,,,,,2006,2006,,,
igrac-ggis,Transboundary aquifers,,,,,,2009,2021,,,
igrac-ggis,arsenic,categorical,,,,,,,,,
igrac-ggis,artificial recharge,categorical,mar,,,,,,,,
igrac-ggis,fluoride,categorical,,,,,,,,,
igrac-ggis,groundwater data per country,,,,,,,,,,
igrac-ggis,groundwater depletion,mm/a,,,,,,,,,
igrac-ggis,groundwater monitoring network,,,,,,,,,,
igrac-ggis,groundwater quality,categorical,,,,,,,,,
igrac-ggis,groundwater stress,,satellite,,,,,,,,Based on GRACE
igrac-ggis,groundwater withdraw,mm/a,,,,,,,,,
igrac-ggis,saline and brackish groundwater ocurrance,categorical,,,,,,,,,
ihme1500,aquifer type and productivity,categorical,,,,,,,,,
ihme1500,lithology,categorical,,,,,,,,,
ihme1500,seawater intrusion,categorical,,,,,,,,,
ihme1500,tectonic fractures,-,,,,,,,,,
jrc-global-surface-water,maximum water extent,categorical,,,,,,,,,
jrc-global-surface-water,monthly water history,categorical,,,,,,,,,
jrc-global-surface-water,occurrence change intensity,%,,,,,,,,,
jrc-global-surface-water,recurrence,%,,,,,,,,,
jrc-global-surface-water,seasonality,months,,,,,,,,,
jrc-global-surface-water,transitions,categorical,,,,,,,,,
jrc-global-surface-water,water occurrence,%,,,,,,,,,
jrc-lai-europe,leaf area index,m²/m²,,,,,,,,,
merit-hydro,flow direction,categorical,,,,,,,,,
merit-hydro,height above nearest drainage,m,,,,,,,,,
merit-hydro,hydrologically adjusted elevation,m,,,,,,,,,
merit-hydro,river channel width,m,,,,,,,,,
merit-hydro,upstream drainage area,km²,,,,,,,,,
mod13q1,EVI,-,,,,,,,,,
mod13q1,NDVI,-,,,,,,,,,
mod16a2,evapotranspiration,kg/m² per 8 days,,,,,,,,,
mod16a2,latent heat flux,J/(m²·d),,,,,,,,,
mod16a2,potential evapotranspiration,kg/m² per 8 days,,,,,,,,,
openstreetmap,land cover,,,,,,,,,,
pelletier-regolith,average soil and sedimentary-deposit thickness,m,,,,,,,,,
pelletier-regolith,upland hillslope regolith thickness,m,,,,,,,,,
pelletier-regolith,upland hillslope soil thickness,m,,,,,,,,,
pelletier-regolith,upland valley-bottom and lowland sedimentary deposit thickness,m,,,,,,,,,
pesticide-risk,Data certainty index,0–1,,,,,,,,,
pesticide-risk,Data quality index,0–1,,,,,,,,,
pesticide-risk,Global active ingredient count,,,,,,,,,,
pesticide-risk,Global pesticide risk score,,,,,,,,,,
pesticide-risk,Global regions of concern,ordinal,,,,,,,,,
soilgrids,Soil pH,pH × 10,,,,,,,,,
soilgrids,Total nitrogen,cg/kg,,,,,,,,,
soilgrids,bulk density,cg/cm³,,,,,,,,,
soilgrids,cation exchange capacity,mmol/kg,,,,,,,,,
soilgrids,clay content,g/kg,,,,,,,,,
soilgrids,coarse fragments content,cm³/dm³,,,,,,,,,
soilgrids,sand content,g/kg,,,,,,,,,
soilgrids,silt content,g/kg,,,,,,,,,
soilgrids,soil organic carbon content,dg/kg,,,,,,,,,
soilgrids,soil organic carbon density,hg/m³,,,,,,,,,
soilgrids,soil organic carbon stock,t/ha,,,,,,,,,
terraclimate,Palmer Drought Severity Index,-,,,,,,,,,
terraclimate,actual evapotranspiration,mm,,,,,,,,,
terraclimate,climatic water deficit,mm,,,,,,,,,
terraclimate,maximum temperature,°C,,,,,,,,,
terraclimate,minimum temperature,°C,,,,,,,,,
terraclimate,precipitation,mm,,,,,,,,,
terraclimate,reference evapotranspiration,mm,,,,,,,,,
terraclimate,runoff,mm,,,,,,,,,
terraclimate,snow water equivalent,mm,,,,,,,,,
terraclimate,soil moisture,mm,,,,,,,,,
terraclimate,vapour pressure deficit,kPa,,,,,,,,,
ufz-duerremonitor,drought index,,,,,,,,,,
ufz-duerremonitor,effective field capacity,,,,,,,,,,
whymap-gwr,groundwater recharge class,mm/a,,,,,,,,,
whymap-gwr,"groundwater resources type (major basins, complex, local aquifers)",categorical,,,,,,,,,
worldclim-2,average temperature,°C,,,,,,,,,
worldclim-2,bioclimatic variables (19),-,,,,,,,,,
worldclim-2,maximum temperature,°C,,,,,,,,,
worldclim-2,minimum temperature,°C,,,,,,,,,
worldclim-2,precipitation,mm,,,,,,,,,
worldclim-2,solar radiation,kJ/(m²·d),,,,,,,,,
worldclim-2,water vapour pressure,kPa,,,,,,,,,
worldclim-2,wind speed,m/s,,,,,,,,,
